region,peptide
H11_H11_104_112,KLLLLNLKR
H12_H11_80_95,TGSSQYAIQKFIEEKR
H13_H12_104_112,KLLLVNLKR
H14_H12_80_103,TGSSQYAIQKFIEEKHKSLPPTFR
H2A1_can_20_31,SSKAGLQFPVGR
H2A2_can1_5_19,GKTLGSGSAKKATTR
H2A3_Z_33_41,AGIQFPVGR
H2A4_X_15_25,GKPKATKSVSR
H2A5_Xa_41_50,FLKSGKYAER
H2A6_W12_16_27,SGGGPKKKPVSR
H2A7_W12_28_39,SVKSGLQFPVGR
H2A8_W6_1_14,MESTGKVKKAFGGR
H2B1_shared_94_100,EIQTAVR
H2B2_shared_108_117,YNKKPTITSR
H2B3_shared_118_134,LVLPGELAKHAVSEGTK
H2B4_67_disc,IFEKLASESSKLAR
H2B5_14_disc,IFEKLAQESSKLAR
H2B6_10_disc,IFEKLAGESSKLAR
H2B7_311_disc,IFEKLAQEASKLAR
H33_27_40,KSAPTTGGVKKPHR
H3_117_128,VTIMPKDIQLAR
H3_18_26,KQLATKAAR
H3_27_40,KSAPATGGVKKPHR
H3_3_8,TKQTAR
H3_41_49,YRPGTVALR
H3_53_63,KYQKSTELLIR
H3_73_83,EIAQDFKTDLR
H3_9_17,KSTGGKAPR
H4_20_23,KVLR
H4_40_45,RGGVKR
H4_4_17,GKGGKGLGKGGAKR
H4_79_92,KTVTAMDVVYALKR
